GeoName,1991:Q1,1991:Q2,1991:Q3,1991:Q4,1992:Q1,1992:Q2,1992:Q3,1992:Q4,1993:Q1,1993:Q2,1993:Q3,1993:Q4,1994:Q1,1994:Q2,1994:Q3,1994:Q4,1995:Q1,1995:Q2,1995:Q3,1995:Q4,1996:Q1,1996:Q2,1996:Q3,1996:Q4,1997:Q1,1997:Q2,1997:Q3,1997:Q4,1998:Q1,1998:Q2,1998:Q3,1998:Q4,1999:Q1,1999:Q2,1999:Q3,1999:Q4,2000:Q1,2000:Q2,2000:Q3,2000:Q4,2001:Q1,2001:Q2,2001:Q3,2001:Q4,2002:Q1,2002:Q2,2002:Q3,2002:Q4,2003:Q1,2003:Q2,2003:Q3,2003:Q4,2004:Q1,2004:Q2,2004:Q3,2004:Q4,2005:Q1,2005:Q2,2005:Q3,2005:Q4,2006:Q1,2006:Q2,2006:Q3,2006:Q4,2007:Q1,2007:Q2,2007:Q3,2007:Q4,2008:Q1,2008:Q2,2008:Q3,2008:Q4,2009:Q1,2009:Q2,2009:Q3,2009:Q4,2010:Q1,2010:Q2,2010:Q3,2010:Q4,2011:Q1,2011:Q2,2011:Q3,2011:Q4,2012:Q1,2012:Q2,2012:Q3,2012:Q4,2013:Q1,2013:Q2,2013:Q3,2013:Q4,2014:Q1,2014:Q2,2014:Q3,2014:Q4,Value
Alabama,66496.3,67346,68197,69680.5,71230.4,72724,73811.8,74393,75592.1,76005.3,76269.3,77725.4,78648.9,80248,81524.9,82972,84243.7,85028.5,85945.7,86676.4,87452.5,89128.4,89967.4,90851.7,92586.7,93152.6,94379.3,95806.9,98348.3,99305.1,100299.6,101437.8,102230.1,102446.5,103778.6,105022.4,106186.1,107975.3,108494.4,110205.7,111153.1,112290.6,112138.7,112207,112894.5,114553.9,115498.9,116670.8,118111.5,118928.7,120686.8,122766.8,125201.6,127751.6,129904.4,132457.2,133686.9,136009,137513.8,140234.9,143222.1,145388.5,146430.4,147728.1,150628.4,152634.7,153560.3,155114.1,155982.9,162940.4,158175.6,156703.4,154517.8,156614.5,155925.4,156596.3,158974.3,161723,164445.3,164981.8,167490.6,167761.6,169022.7,169622.4,171805.2,173476.2,171972.3,176192.9,174319.6,175041.3,176099.1,175281.1,176964.1,179958.8,182473.3,184918.8,724315
Alaska *,13205.9,13236.9,13473.1,13704.4,14078.5,14174.5,14379.9,14449.8,14883.9,14913.2,15019.9,15212.2,15347,15423.5,15569.6,15712.4,15856.1,15882.8,15991.1,16093.4,16167.5,16296.4,16500.9,16647.2,16892.9,17254,17378.5,17581.1,17965.2,18018.7,18137.7,18422.5,18446.3,18588.2,18650.8,19164.6,19707.3,20002.1,20300.8,20479.5,20857.2,21371.2,21379.1,21629.5,21923.2,22117.6,22409.3,22851,22808.7,23228,23525.6,23798.8,23932.8,24147.9,24520.2,25016.4,25297.5,25765.4,26334.1,26847.9,27305.5,27744.8,27834.1,28289.1,29302.7,29892,29987.5,30294.2,32061.3,33134.7,33063.1,33371.5,32526.6,33008.1,33083.5,33495.3,34651.2,35225.2,35775.1,36156.5,36982.7,37735,38311.9,38897.4,38971.6,39289.6,39137.2,39665.6,38716.5,38734.6,39155.8,39305.2,40486.2,41091.7,41423,41839,164839.9
Arizona,66008.5,66890.3,67215.7,68583.8,69748.2,71372.6,72129,73518.7,75291.7,76542.1,77297.6,79032.5,81209.3,83343.8,85484.5,87337,89530.4,90757.9,92994.1,94675.2,97116.6,98963.1,100684.7,102066.1,105167,106710.5,108866.7,111348.2,114471.7,116877.7,119279.7,121542.6,122136.3,124622.4,126275.9,128539.3,132630.5,134916.4,137410.6,139742.9,141328.3,142413,142807.3,143145.5,145342.9,146732.1,147908,150425.9,152481.5,154827.9,157214.6,161309.2,165152.5,168778.9,172109.6,177245.5,180953.6,186554.4,191853.5,195686.4,203976.8,207466.9,211001.8,214469.3,217974.3,220773.1,222733.8,223498.1,222864.9,229922.2,224338.4,220907.5,213238.3,212903.1,211034.9,213407.6,212514.4,215895.3,218305.1,220779.8,225298.6,226595.5,228483.4,230422.8,234167.8,237047.1,235982.2,244039,240161.4,243169.5,244888.4,246790,252123.8,255360.9,258837.9,262766.6,1029089.2
Arkansas,35628.2,36066.6,36647.1,37494.3,38647.7,39585.5,40007.7,40616.4,40994.6,41376.2,41752.6,42470.4,43168.7,44057,44606,45322.8,46198.1,46760.1,47398,48302.7,48758.5,50222,50368.9,50842.1,51555.3,51856.3,52688.5,53931.8,54834.7,55381.9,55949.5,56627.6,57316.2,57480.8,58207,58992.4,59755,60570.5,61581.1,62177.2,63902.9,64439.1,64197.4,64481.9,64799.6,65476.7,65972.1,66833.3,68315.9,69062.7,70178.9,71411.5,72539,73703.6,74790.7,76586,76728.6,77990.7,78728.2,80555.2,82011,83420.2,83984.8,84873.8,86569.5,88483.5,89236,92393.2,91116.1,95245.5,92859.5,92237.7,91791.4,91092.4,90559.4,91240,91976.1,94257.5,95914.2,96156.4,99525.5,99724.8,101212,102494.7,106004.7,107754.5,106758.9,110991,107782.3,108226.1,108785.2,108677.5,111803.6,114221.9,115468.9,117478.9,458973.3
California,656234.6,662124.9,668091.9,677519,688378.5,700270.7,707686.8,713460.3,714331.5,718118.3,719540.8,726933.3,730583.1,740019.9,744716.3,754397.2,767973.6,775727.3,786343.4,792527.1,810929,825512.1,834572.3,847652.9,860316.2,873365.2,889388.4,907639.4,938107.3,949737.3,967108.9,983820.6,1004995.5,1018191.4,1035402.1,1064949.6,1101562.4,1121080.4,1158115.6,1161415.1,1182400.2,1177693.8,1170156.3,1165264.2,1174659.1,1184953.1,1193836.4,1207446.4,1215893,1233661.7,1254855,1269452.3,1288175.1,1309628.8,1324715.1,1352458.2,1357135.3,1381421.7,1407566.7,1433295.8,1482238.1,1492347.9,1510549.2,1529882.5,1553525,1571734.9,1574648.7,1590976.9,1591475,1609955.8,1602266.6,1575272.5,1542063,1541037.8,1533140.3,1547249.3,1582060.4,1607697.2,1613533.6,1652871.8,1700226.8,1706267.6,1725332.9,1729080.6,1786135.4,1808358.6,1808445.3,1905728.1,1817215.5,1848098.9,1867393.2,1896095.8,1923713.3,1960824.8,2003994.1,2034415.2,7922947.4
Colorado,67841.9,69005.2,70059.7,71500.8,73343.1,75194.5,76548.4,77310.4,80014.3,81086.6,82131.9,84015.5,85047.5,87411.4,88568.9,90907.5,93223.2,94629.7,96673.2,98069.1,100261,102470.9,104236.9,105974.3,107650.4,109782,112479,114919.9,119025,121498.7,125665.2,126171.3,128694.8,130893.9,132150,137436.9,141121.1,145879.1,150108.2,151861.2,155300.5,155294.1,153855.6,153327.9,153075.6,154402.8,154736.3,156343.8,155143.1,156687.2,160077.4,159499.9,160084.9,162888.5,164105.1,168413.2,170539.1,173689.7,176949.8,179098.1,186395.1,188060.6,191064.8,192341.5,196742.9,201339.9,203108.2,207272.8,205740.8,212560.5,212203.9,209612.4,203426.1,198957.3,197102.2,197920.6,200491,203437.7,207282.3,212253.5,219877,222351.3,225470.3,226272,232093.1,234958.8,234350.9,245633.6,243637.9,247909.1,251338.8,255164.9,263910.9,269442.8,273541.6,278745.3,1085640.6
Connecticut,86697.3,87840.2,87964.3,88761.3,92153.6,93959.1,94701.7,96263,95212,97023.1,98010.8,99144.4,98816.2,99208.7,100339.7,102068.7,103777.3,105107.3,106438.5,107247,108289,110300.5,111480.7,112915.1,115296.6,117018.3,118513.2,121139.2,124624.5,126213,128272.8,130097.8,131345.7,133096.1,135695.2,137618.9,143431.1,145558.9,148500,150295.7,154849,156110.4,154497,154555.6,153157.1,154900.8,154919.6,155408,153205.9,155606.6,157983.6,160342.1,160032.2,163412.7,167184,169968.6,170281.1,173109,175038.8,179291.2,185903.8,188099.1,189094.5,192393.1,200840.4,203065.3,204334.1,205629.2,216194.5,218742.7,216218.2,213542.5,211263.6,212517.9,212086.8,214462.3,216975.9,221647.4,223074.7,222535.8,224075.7,227847,228669.6,227036.1,228651.8,231156.5,228599.1,236277,224780.3,225597,226493,227833.1,231637.3,235224.4,238584.5,241580.1,947026.3
Delaware,14905.2,15060.8,15290.6,15528.5,15571,15836.6,15976.3,16033.5,16130.2,16437.2,16528.9,16770.8,16747.2,17092.7,17229.8,17591.6,17776.1,18031.8,18274.5,18605.4,18859.2,19304.5,19603.2,19968.5,19932.2,20024.6,20542.5,20869.7,22006.9,22418.7,22638.1,22925.8,23842.6,23876.2,24174.3,24768,26065.8,26696.8,26902,26916.4,28829.5,29246.7,29600.8,29839.8,30133.8,30277.3,30499.4,30525.4,30382.7,30884.4,31499.9,31780.8,31373.5,32188.2,32451.4,33504.8,32558.6,32852.9,33061.7,34622.6,34799.6,35438.8,35497.5,35365.5,36052.1,36557.5,36327.4,36584.6,35600.8,37134.9,36434.4,35410.6,36453.8,36445.8,36387.9,36444.2,35775.8,36458.9,37320.5,37796,39467,39772.9,40182.8,40277.3,39794.7,40299.7,40098.2,41380.6,40525.3,41058.3,41205.8,41611.9,42202.7,42781.1,43327.8,43814.9,172126.5
District of Columbia,16226.8,16451.8,16598,16870.5,17085.6,17335.2,17501.7,17554.8,18023.2,18040.9,18085,18117.8,18225.3,18479.7,18562.1,18671.3,18582,18655.3,18600.2,18646.7,19097.8,19175.4,19476.7,19799.5,19965.5,20125.2,20421,20650.2,21061.5,21411.5,21812.7,21904.1,22188.5,22421.1,22869.1,23294.9,24416.1,24637.9,24969.2,25567.6,25551.4,25799,25816.7,25946,25420.9,25813.1,25989.7,26280.9,25656,25974,26309.4,26690.9,27713,28147.6,28550.1,29339.9,29297.6,29849.4,30250.2,30716.5,31198.6,31697.7,32073.5,32417.6,33521.6,34074,34714.6,35142.4,34754.6,35700.8,35551.1,35309.4,35537.7,35560.6,35531.7,35843.9,37352,38084,38605.2,39256.4,40830.7,41176.9,41689,41883.4,42550.9,42954.6,42599.8,43937,43233.1,43619,43728.4,44208.8,45812.6,46483.2,47193.7,47631.5,187121
Florida,264162.5,267084.8,268993.7,273259.9,277069.4,282049.9,286252.1,291692.5,296942.1,300444.4,302502,305681.9,309541.8,315832.5,319609.9,325715.6,334026,338902,344040.9,349365,355845.2,362163.6,366507.2,371111.3,377253.8,381703.1,388208.3,394442.7,406263.2,414260.8,420234.4,424552.9,428483.7,432930.3,439254.6,444774.3,461218.7,467863.4,476747.5,485577.6,494529.6,498505.2,498446,498674,505517.3,511563.4,516094.9,523637.1,527581.7,533034.8,543945.1,557332.7,567892.9,581699.8,593175,610262,621623.8,635669.2,650117.1,661754.8,684370.4,695196.3,700669,709162.9,715938.3,727432.6,731708,733963.8,728694,747313.6,729488.7,714480.1,689651.5,686967.5,680791,689613.1,712930.8,728077.9,739418.4,749402.9,761433.5,769584.8,774402.4,780217.1,788129.1,794829,794151.4,825097.5,792654.6,798704.7,805807.8,814735.8,834947.8,854350.9,869565.2,886785.5,3445649.4
Georgia,118845,121051.8,122603.2,125080.1,128424.7,131112.9,133083.9,135294.7,137208.7,139561,140579.5,143344.1,146056.6,150042.2,152044.8,155624.2,159338.4,160942.4,163900.3,167612.1,170608.6,175513.7,178011.6,180208.9,183854.3,185454.6,188532.1,192350.7,199801.5,203556.9,208073.3,211167,215439.3,216963.6,219837.8,224895.6,231546.5,235809.1,239338,242785.1,246542.9,249242.2,249887,251610.8,252380.5,256065.7,257080.1,259993.5,261807.6,264520.9,268108.7,271208.4,273639.6,279061.7,283155.3,287810.4,291559.8,296491.9,299647,306404.7,312482.9,316555.4,319872.9,325264,328663.8,333494.8,335294,336993.3,333119.1,344915.5,336243.1,333035.5,328390.5,331140.2,329570,329877.6,332196.7,335977.5,340259.9,344668,357549.6,359326.3,363666.7,364459.7,367238.4,369428.7,368727.4,380432.6,372655.3,376518,377984.3,381651.3,392278.1,399723.3,406331.1,412831.2,1611163.7
Hawaii *,25993.2,26138.4,26522.3,27077.9,27697.7,28256.9,28632.2,29151.2,29583.1,29600.6,29372.1,29350.1,29799.1,29937.1,30241.3,30677.4,30678.9,30995.8,30890.9,30890.4,30813.9,30869.2,30903,30993.7,31458.6,31720.1,32165.5,32286,32244.7,32372.6,32596.2,32845,32963.2,33225.4,34008,34236,34678.3,35503.4,35793.7,36340.7,36821,36905.8,37291.4,37216.2,37994.7,38533,38950,39510.6,39780.1,40299,40845.2,41561.4,42266.3,43109.4,44073.8,45169.2,45720.6,46753.6,47263.4,48353.9,49344.3,50136.6,50860.2,51255,52018,52982.2,53687.4,54400.7,55157.5,56862.1,56014.2,55610.6,55278.3,55519.9,55131.8,55374,55706.8,56352.8,57217.5,57727.3,58786.9,58986.1,59319.9,60059.5,60817.6,61537.3,61333.5,62539.8,61799.5,62200,62699.2,63386.3,64590.2,65691.5,66591.6,67273.4,264146.7
Idaho,16751,17039.6,17253.4,17719.7,18349.3,18794.9,19163.9,19311.3,20226.9,20639.1,20609.5,21407.7,21520.1,22029.7,22448.8,22718.8,23270.6,23582.1,23924.8,24593.2,24855,25456.8,25388.7,25639.4,25891.4,26161.4,26644.3,26983.4,28022.5,28320.6,28650.2,29132.4,29741.6,29836.6,30242,31053.7,31826.4,32656.7,32852.9,33558.5,33884.3,34209.6,34049.8,34073.8,34568.8,34840.8,35330.8,35906.2,35768.3,36075.1,36709.1,37210.6,38348.6,39187.1,39606.1,40507.2,40778.1,41567.3,42346.9,43224.7,45083.1,46221,46318.4,47288.6,48631.5,49167.1,49261.3,49848.2,49963.6,51705.6,50383.8,49502.6,48979.2,48542,48317.1,48659.7,49267.5,50021.7,50865,51576,52672.1,53021.8,53560.1,53840.9,54946.1,55683.9,55914.4,58163.8,57248.3,58319.5,58845.7,59201.4,60010.8,61416,62253.6,63525.1,247205.5
Illinois,241818.7,244686.9,246895.1,250087,258130.4,264264,267831.2,272722.6,270380.3,273940.7,276516.9,280612.5,282833.5,288320.7,292234.9,296829.5,302826.8,305390.9,309230.5,313789.1,320316.7,325750.1,329867.1,334277.9,338138.5,342926.1,348708.4,355583.6,358849.2,365636.8,370753.9,373954.3,378123.3,381573.9,383636.9,392556,403404.8,408983.6,417578.5,421894.9,429307.7,428492.6,428220.6,427335.9,427410.6,433910.7,434128.1,437810.1,434839.5,439919.9,444642.4,449103.9,449909.4,456718,461941.5,470477,469779,474817.9,481584.8,489280.8,501291.7,509083.6,512635.5,518497.2,529502.3,537639,541737.9,550070.5,548376.2,563072.2,555564,548923,528306.6,527032.4,523516,529015.7,531517.6,540240.9,547732.5,552846.1,566440.6,568297.2,571745.8,572618.6,586856.4,593256.9,590479.6,609701.3,602941.2,608912.5,611306.8,615953.8,626125.4,634994.1,642134.8,651305.6,2554559.9
Indiana,99713.3,100766.6,102147.1,104473.6,106492.9,109626.5,111390.5,113081.8,113455,115622.5,116481.2,118890.8,120785.7,122218.3,124406.2,126126.5,127761.7,128462.4,129298.6,130499.5,132968.5,135905.3,137509.1,139071,140889.7,142211.2,143731.7,147152.6,151415.7,154027,155771.3,157619.4,158042.5,159167.3,160773,165207.4,168922,171167.9,173426.1,172489.9,176235.3,176005.3,175058.7,174678.1,175233.3,177443.4,178746.6,180661,179956.2,181389,183131,187238.6,187187.1,191482.5,193223,195782.3,193813.5,197267.9,199688.7,201985.9,207056.1,209194.5,210766.8,212007.5,214958.1,217152.3,217119.8,219786.6,224000,232602.1,227904.6,225439.4,220619.4,220476.5,220090.8,224186.1,226416.8,230911.1,233323.6,236177.3,241694.9,244521.2,249027.1,250732.8,253645.1,257312,257944.8,263643.9,261592.5,261639.5,261788.6,261788.6,266255.6,271092.3,274213.8,277418.1,1088979.8
Iowa,49338.2,49926.4,50284.4,51029.8,52735.3,53650,54275.9,54506.2,53188.5,54005,54134.1,54882.6,57918.4,58685.1,59002,60179.2,60119.5,60663.9,61655.6,62875.2,65724.7,67347.3,66739.4,67552.3,68941.1,69080.5,70127.9,71674.8,71820.9,72417.4,73933.4,74516,73801.5,74283.4,75213.7,77096,78456.1,79940.8,81228.5,81288.8,82132.3,82658.5,82864.9,82628.8,83388,84108.7,84801.1,85398.2,84922.8,85844.5,86854.1,88153.8,91854.9,93122.5,93729.4,95865.6,94713.9,96360.9,97560.7,98182.7,101092,102417.9,103019.3,104457.9,107725.8,109534.6,110257.4,112526.2,115620.5,118942.7,116649,115814.8,112224.4,112966.5,112792.1,114355.1,114446.9,116476.5,117713.6,118987,124198.4,124746.4,126922.3,128045.7,130368,132374.6,131265.1,134628,134087.6,134803.6,135381.5,134758.6,136201.9,139589.8,140519.9,141813.6,558125.2
Kansas,46232.5,46822.1,47641.3,48542.4,49861.1,50758.9,51189.2,51951.8,52446.2,53133.1,53521.2,54147.4,54563.6,55631.8,55932.1,56817.6,57267.8,57762.6,58469.9,59017,60598.1,61545.6,62307.2,63285.7,64200.3,65089,66282.7,67512.5,68267.1,69430.6,70317.6,71037,70747,71329.8,72032.9,74373,74078.4,76025.2,77421.8,76895.1,78264.1,78826.4,78709.1,78859,78252.8,79232.1,79576.9,80399,80945,81292.1,82387.1,82937.1,82606.8,83612.6,85112.5,86011.8,87509.6,89134.2,90206.6,90534.5,96282.6,98325.6,99182.1,100650.5,103581.4,105414.8,106277.4,108499.3,113678.9,118076.2,116569.2,115085.6,112609.3,111760.7,110700,111719.3,110814.3,113305.4,115447,117392.6,120564.5,123122.3,125051.5,125496.9,130598,130849,128792.9,133552.6,131477.6,134218.1,134547.8,135676.1,133848.8,136288.8,138148.3,139229,547514.9
Kentucky,59229.4,60112.5,61274.7,62756.4,64167.6,65276.7,65989.9,66754.8,67176.2,67773,68211.2,69352.2,70031.4,71318.3,71909.4,73174.1,73861.8,74698,75351.2,76306.6,77534.5,79452.6,80289.7,81205.3,83247.6,83852.4,84772.4,86296.1,87713.4,89033.6,89971,91091.6,91638.3,92410.9,93533.4,95678.9,98357.6,99977.5,101681.4,102749.1,103458.4,104254.9,104276.6,104517.7,104857.8,106350,107016.1,108049.7,108163.7,109025.9,110411.8,111905.2,113723.5,115363,117143.3,119583.7,119644.1,121703.6,123300.4,124574.6,127586.7,129078.9,129885.5,130894.1,133023,134779.3,135335.6,137089.3,139138.7,145048.9,141432.8,140669.9,138312.7,139893,139686.7,141554.4,142273.7,144895.3,146675,147360.8,149905.4,151186.1,153005.9,154777.6,156182.9,157636.8,156937.5,159785.6,158768.9,158918.4,159450.8,159761,163272.5,165988.5,167673.8,169933.5,666868.3
Louisiana,66721.8,67711.8,68637.6,70561.9,71557.7,73171,73681.1,74646,75570.1,76543.7,77242.2,78134.6,80520.1,80892.1,82484.4,83726.7,84647.6,85385.4,86848.4,86931.7,87910.2,89603.2,90367.8,91226.5,92638.2,93539.9,94729.2,96695.2,97426,99026.4,99705,100125.8,100450.1,100839.8,101481.2,103099.6,105626,107084.9,107747.8,108783.9,113412.4,114876.1,115345.1,116036.1,116565.3,117708.4,118606.8,120037.2,119569.6,121213.8,123012.7,124883.1,124758.8,126809.7,128261.3,131203.9,133423.1,135063.5,141117.3,142136.6,142910.6,144885.9,146174.8,148610.6,151830.9,160644.8,161416.6,163752.9,166155.8,173677.7,171144.2,172499.5,167968.9,165624.6,164677.4,165234.1,169651.6,172705.4,176077.5,176768.8,177540.5,178132.9,179552.2,181068.2,185299.2,188782.5,187982.7,192978.7,190285.7,191316.2,191779.8,192607.4,196440.1,199669.9,201776.3,203289.4,801175.7
Maine,21997.1,22064.5,22272.6,22664.4,22929.6,23292.2,23526,23551.6,23876.8,23941.5,24221.6,24339.8,24674.5,24949.1,25138.7,25580.6,25762.6,26147.7,26263.1,26543.7,27037.5,27529.3,27828.5,28217.3,28705.1,28966.9,29173.7,29832.4,30437.2,31088.9,31521.3,31882.9,31878.1,32293.1,33290.6,33166.2,34288.6,34970.4,35389.6,35780.9,36704.5,37103,37078.8,37347.3,37701.2,38118,38537.8,38937.1,39373.4,39779.7,40470.2,41367.2,41475.9,42020.2,42474.5,43291.7,42487.8,43091.8,43604.9,44500.6,45194.8,45609.4,45668.9,45925.5,46641.2,47295.1,47603.7,47889.2,48613.8,50203.8,49567.1,49396.7,48628.3,49573.5,49536.4,49873.6,49996.1,50519.1,51000.1,50899.3,52339.4,52490.6,52926.3,53399.9,53407,53948.3,53523.8,54250.8,53378.2,53582.1,53781.6,54226.1,54579,55527.4,56165.7,57182.2,223454.3
Maryland,113200.9,114451.3,115207.9,116734.5,118343.8,120272.3,121535.7,122397.7,124063.4,125164.4,125576.4,127140.4,128832.6,130500.6,132311.1,133997.3,135596.1,136905.3,137700.2,138779.9,140750.9,142993.1,144606.3,146618.9,148780.5,150537.3,152289.1,155558.9,159348.2,162814.3,165459.3,167793.6,170469.7,171417.6,174581.9,177886.1,184183.7,186994.8,190803.6,194111.9,197405.8,199211,199638,200837.5,203367.9,206128.3,207893.1,210311.7,211199.3,214652.2,218571.5,221663.1,225508.5,229340.2,232067.3,237005,236887.2,241359.9,245768.3,249390.4,252180.7,255327.2,257795.3,260582.9,262969.6,267242.1,268415.3,271616.4,275987.6,282383.8,280326,279794.1,274678.6,277614.2,277737.2,280480,281099,286339.9,289291.4,293879.4,298879.8,302306.6,305974,306910.7,310181.5,310706.6,311223,316591.9,310255.1,311095.4,311284.3,313461.3,316118,320928.3,325097.1,327609.3,1289752.7
Massachusetts,139730.8,141013.9,141463,143199.3,146410.2,148161.2,148456.7,150882.2,151440.9,153443.5,155832.4,156752.8,158504.2,161894.1,162389,165913.5,167674.7,170516.5,173468.4,175308.3,178073.7,181626.8,183792.2,186828.9,190052.9,192308.1,195110.8,199051.2,199752,205772.2,209187.8,211010.6,214528.4,217270.5,223055.2,228748.7,239380,241222.7,249124.8,252282.6,257566,255904.1,253953.4,252923.9,251668,254341,254097.4,254848.4,254889,256157.1,260233.9,263186.9,265533.1,270849.9,274588.7,276735.5,276630.9,281141.5,286148.1,292569.5,300435.8,305353.7,306945.2,311593,316854.4,320475.4,323229.1,327944.9,331720.1,338719,335522.3,334667.3,327652.9,330704.3,331197.4,334084.2,339231.9,346098.5,351177.6,353460.6,357288.3,365530.6,364418.9,366347.6,372614.1,377892.9,376310.8,390253.5,378068.4,381841.1,383785.4,386749.4,391462.7,396910.8,405208.4,413748.1,1607330
Michigan,177540.7,180078.3,182225.6,185812.4,186683.9,191985.1,192630.5,197640.7,196476.4,202112.9,203987.3,207153.2,212779.9,215211.9,218843.8,224146.1,227559.3,228330.5,230851.1,234482.5,235516.3,241253.4,244365.2,247738.9,250309.3,252994.4,256644.4,259807.7,265987.9,268901.6,269799.3,275830.9,277252.5,280705.9,284072.8,291327.4,298597.9,301681.5,304122.9,303600,309894.4,307850.2,305835.4,305303.5,301759.3,307282.8,307658.9,309310.4,310631.5,311537.6,314057.6,320086,318124.8,321445.9,325234.1,329021.9,328037.5,331303.2,331258.2,333971.6,336704.5,339487.7,340336.2,340825.2,347430.8,349372.5,350473.8,350048.8,354315.3,365471.1,356717.9,354614.9,336838.3,341206.5,338815.1,341920.2,343221.4,352469.7,357554.1,360019.9,369578.5,370980.8,375059.7,379826.1,384536.1,386851.3,387053.9,399735.3,389620.6,393010.7,394933.5,396742.2,401806.1,408879.7,413954.5,419439,1644079.3
Minnesota,88512.1,89797.2,90787.6,91888.1,94755.1,96119.5,97768.8,99430.8,98357.1,99635.4,100216.6,101750.7,104151.5,106373.3,108220.4,109875.8,111285.9,112642.7,113792.5,115628.8,119298.4,121870,123222.1,124452.6,125663.7,127798.2,130138.9,132509.4,137328.2,139486.7,141216,143443.4,144739.9,146352.2,147887.3,151744.1,155560.4,158612.7,161893.2,164289.6,166937.2,167437.1,166086.9,167026.4,168064.8,169459,171005.4,173146.7,174663.3,177444.3,180192.9,181124.2,185433.1,187366.6,189335,195149,191300.2,193313.9,196933.9,197959.2,201804.8,204504.7,205183.1,207802.2,212631.1,217138.3,217480.3,220378.9,224989.7,228819.2,228208.8,223850.7,216862.3,216577.9,215557.6,218785,219900.9,224693.2,228791.5,234442.6,239223.2,242203.8,244038.6,244907.3,252473.4,255876.9,255950.5,264356.1,256546.9,258650.7,261442.8,262486.7,266226.1,271663.1,276456.2,279606.5,1093951.9
Mississippi,35411.1,35978.5,36437.3,37323.5,38222.7,38925.9,39377.4,39724.6,40730.1,41180,41888.7,42589.3,43882,44647,45402.9,46089.2,46821,47226.2,47853.6,48552.2,49462.1,50596.6,50845,51198.3,52433.3,52880.4,53529.1,54667.2,55555.1,56271.9,56905,57606.9,57653,57986.8,58865.8,59786.7,60630.8,61619.7,62122.5,62648.5,64560.9,65457.9,64996.4,65688.4,65408.8,66248,66686.9,67156.6,68170.3,68397.2,69252.6,70269,71362.5,72556.1,73794.3,74726.5,75652.6,76677.7,79333.4,80262.6,80322.5,80991.5,81551.7,82271.8,83957.1,86698.1,87664.2,87858.2,88640.7,93543.8,90559.4,90249.7,89427.9,89685,88729.8,89063.8,90728,92911.5,93859.5,94233.9,96406.8,96232.9,97201.6,97830.7,99699.7,100586.5,99791.2,101431.4,101395.8,101780.1,103602.4,102491.2,102973.4,104330.6,104513.1,105204.8,417021.9
Missouri,93986.6,95100,96508.9,98260.7,100201.1,101689.4,102759.1,103906.1,104721.6,106179.1,107216.1,109167.5,110479.3,112681.5,114157.5,116246,117685.6,119155,120341.8,121178.5,123786.5,126069.4,127358.1,129459.1,132073.3,133036,134926.9,137276.2,138451.5,140216.3,142083.1,143357.4,144267.5,145185,146667.5,149923.8,153152.5,156073.2,158474,159003.5,161533.2,162157.1,161439.2,162238.5,163493.8,164671.4,165951.5,167987.3,169354.2,170766.1,172593.6,174352.3,177695.8,179627,182149.4,184975.6,183997.3,187049.6,188920.5,192017.5,196128.9,199504.1,200019.5,201738.7,204565.2,208555.7,209967.1,212997.4,216058.7,224632.7,219720.9,223721.8,216600.2,217372.3,216459.3,217142.5,219481.3,222197.9,223886.5,224690.1,229001.7,230154.9,232849.6,234579.1,239408.2,242348.7,241283.1,248885.5,243821.6,244912.2,245632.9,246433.1,248717.6,252947,256406.2,259199,1017269.8
Montana,12896.7,13018.3,13271.6,13598.4,13748.4,13983.8,14139.3,14184.3,14963.6,15186.6,15025.1,15478.2,15217.4,15479.8,15700.5,15943.2,16137.5,16294.8,16519.3,16712,16834.1,17083.3,17339.5,17556.4,17609.2,17750.1,18052.7,18344.5,18845.2,19000,19273.1,19491,19422.7,19430,19384.6,20004.5,20259.4,20716.8,20948.6,21516.7,21611.7,21773.2,21783,21886.9,21962.6,22205.9,22515.6,22854.4,23361.4,23863.6,24213.1,24662.9,25613.7,26042.5,26195,26796.2,27584.5,28004.6,28434.4,29067.2,30000.2,30517.7,30915.4,31247.5,32239.8,32876.1,33155.1,33633.6,34439,35535.1,35084.8,34731.6,34332.8,34087.3,33990.6,34123.5,35296.3,35870.7,36272.3,36802.2,37910.7,38191.2,38641.1,39208.8,40379.8,40665.7,40655.3,41978.1,40921.8,41270.8,41437.8,41659.5,42478,43433.9,43908.6,44402.5,174223
Nebraska,29675.9,30152,30478.9,30912.6,31499.8,32174.1,32412,32747.6,32634.4,33312.6,33312.4,33894.7,34834.8,35133,35611.2,36145.7,36644.2,37015.5,37644.3,38441.7,40195,41097,40534.3,41334.2,41537.9,41513.5,42204.4,42814.4,43591.8,44561.2,45282.3,45783.8,45759,46445.7,47078.3,48550,48717.9,49509.6,50254.7,50588.5,51721.7,52223.6,51966.7,52362.6,51862.7,52492,53205.6,53978.2,55356.9,56099,56519.2,56990.1,57904.6,58542.2,58906.2,59952.6,59911.6,60858.8,61378.4,62105.4,62896.7,64056.3,63670.1,64779.3,66943.6,68271.3,69072.8,70584.4,71927.9,74397.4,73159.5,71777.4,71603.4,71300.2,71280.8,72472.2,73390.9,75318.1,76138.1,77111.2,83017.7,83770,84622.4,85436.4,85966.6,87009.1,85664.4,88376.9,87496.6,87591.5,87583.1,86923.6,90095.3,92639.9,92865.2,94495.8,370096.2
Nevada,26668.8,27269.4,27786.1,28336.9,29502.7,30198.7,30797.3,31418.5,32467.5,32614.3,33082.2,33700,35232.6,36133.3,36792.6,37783.6,38915.2,39593.2,40647.1,41397.8,42765.8,43970.9,45047.4,45956.2,47321,48116.9,48857.6,49995.2,52371.3,53663.6,55049.2,56213.4,57664.2,58208.3,58951.6,60475.7,62588.9,64317.2,65330,66050.3,67551.3,68635.6,68542.8,67736.8,68630.3,69391.6,70015,71335.9,71866.8,73192,75443.9,77430.7,79019.9,81232.3,83550.6,86849.9,89395.8,92893.9,93438,95021.9,98465.4,100302.4,100450.5,102054.2,102935.6,104262.6,104732.7,106451,103712.2,104649.7,102950.6,100912.3,97839.7,97327.9,96521.4,97379.5,99220.2,101216.4,102177.3,102614.2,104350,105183.3,105331.7,105556.5,107915.9,108874.9,108201.8,112397,108448.7,109294.1,110246,111493.3,113685.9,116214.1,118344,121244.9,469488.9
New Hampshire,23369.5,23684.4,23846.8,24268.5,24615.9,24908.2,24967.6,25381.1,25310.2,25600.6,26055.5,26180.5,26827.2,27350.8,27608.4,28303,28495.9,29250.5,29376.4,29688.5,30245.1,30747.6,31138.1,31635,32351.8,32957.4,33550.3,34236.5,35352.9,36203.9,37049,37646.1,37934.9,38407.1,39155.9,40198.9,42787.6,43228.7,44107,45120.3,46285.3,46116.1,45962.8,46183,46408.4,47048.5,46965,47270.9,46996.5,47293.6,48001.5,49025.8,49423.2,50523.3,51512.2,52038.4,51671.9,52477.2,53046.4,53780.3,55283.1,55875.6,56467.7,58214.9,57882.9,59039.2,58687,59044.5,60001.2,61125.4,60273.9,60125,58638.1,59133.3,59630.9,60029.6,60404,62110.2,62660,62954.7,63813.5,64934.4,65352.4,65680.7,66733.6,67368.5,67436.2,69882.6,67024.3,67597.7,67845.8,68347,68815.9,70260.5,70643.4,72285.1,282004.9
New Jersey,192724.9,194912.1,197107.1,198989.5,206405.2,209086.7,211583.4,214965.7,213836.3,216802.3,218626.2,221119.1,220002.4,224250.6,226726,230159.1,235285.5,238161.4,240607,242605.9,247647.6,252210,254506.8,257884.6,264009.5,266656.7,271088.5,276668.8,280824.2,285791.2,290381.4,292062.3,296319.8,297605.4,301725.4,306965.6,320153.8,328500.3,333153.6,340646.6,340495.4,342688.2,340578.8,343388.6,343802.5,346152.1,346454.9,348244.4,347735.9,352657.3,356700.3,360353.8,361435,366952.3,373461.3,379010.6,376205.7,381500.6,387482.8,393736.5,404864.4,412265.2,414121.2,421207.5,432934.1,437883.6,438540.2,442646.5,449044.2,454321.5,451360.3,449482.5,432194.5,436376.5,436792.1,440652.7,445079.4,449431.7,451772.7,453424.4,464813.2,468313.1,472558.4,474347.7,482710.3,484616.7,485208.2,497575.4,487609.8,491490.4,492748,498104.7,506778.8,512327.1,518437.2,524517.2,2062060.3
New Mexico,24370.3,24755.2,25023,25600,26127.9,26793.7,27111.2,27178.5,28337.7,28597.3,28834.7,29538.7,29929.7,30370,31041,31748.5,32460.9,32822.2,33340.4,33658.7,34135.7,34671.4,34918.2,35239.7,36060.8,36272.9,36692.9,37053.3,37856.7,38134.8,38449.3,38936,38519.3,38790.1,39030.1,39785.6,40839.6,41870.6,42403,43181.3,44324.6,44962.2,45306.9,45654.1,45950.9,46728.9,47126.3,47615.9,47963.9,48608.8,49282.2,50141.5,50983.7,51589.2,52299.2,53779.6,54081.9,55602.6,56334.6,57028.9,58965.2,59787.9,60317.9,61071.1,62182.7,63175.2,64076.6,64897,66109.5,69246.2,67714.3,67557.2,66887,66842.1,66922.7,67484.7,68075.6,69183.8,70167.1,71002.5,72121.5,72591.4,73310.1,73847.8,74218.8,75000.7,74287.9,75394,73208.5,73466.6,73521.8,74050.2,75878.7,77407.2,78659.8,79954.6,311900.3
New York,426545.2,432631.5,434674.7,436319.1,446551.2,451655.5,459438.4,471440.5,457002.2,468246,473803.3,481164,471257.6,484550,485740.8,497373.9,503499.9,507830.4,514436,517506.9,527957.8,536451,539268.4,547849.1,555322,561078.9,571643.4,583779,586949,601428.6,605934.2,609475.8,630673.1,630080.5,642010.5,645672.9,667823.8,679391.7,689809.6,706108.2,716473.7,708714.2,719835,700842.1,702586.1,712667.6,711027.6,712858.7,704243.6,717549.2,725076.3,735326.4,733767.2,746606.9,760616.7,775038.9,765165.7,775104.6,785937,802692.3,823919.9,838363.6,844758.9,865147.6,905402.7,900191.1,907923.3,916093.2,928399.9,934172.9,926884.3,913453.4,890809.2,911125.3,909891.3,919987.8,930925.2,953115.9,951458.5,952806.5,998169.9,994006.8,998743.5,1000102.9,1027687.4,1043921.4,1041263.1,1083760.9,1047410,1060933.2,1066428.8,1073769.7,1084611.5,1095437.4,1113591.3,1129991.1,4423631.3
North Carolina,117912.6,120523.2,123147.8,125989.7,128792.7,131995.6,134196.2,135715.2,137945.5,140577.6,142052.3,145257.9,146733.9,149393.4,151416.5,154786.6,157881,160193.3,162307.7,165564.8,167423.8,172370.9,174111.3,177360.7,181844,183309.3,186594.7,191003.4,193517.2,196721.8,200504,203925.6,205263.2,206483.1,209764.8,212834.2,216553.8,221303.3,224721,226725,228108.4,229736.5,227519.5,228859.2,229012.5,231854.9,232792.6,233941.2,236642.8,238831.8,243360.9,248569.1,253765.6,259311.6,264682.8,270337.2,276018.1,279554.5,283222.9,287493,301040.3,304565.6,307910.2,312956.3,326379.5,329470.4,330469.5,334361.9,347275.2,357467.7,351643.7,352502.4,332096.6,339444.5,341926.5,344754.9,339254,343521,344174.6,346443.7,352670.4,354805.4,356760.2,359070.5,374275.6,379253.6,379824.7,387288.3,374430.5,375059.2,376443.3,379636.6,389203.3,395281.1,401312,406601.7,1592398.1
North Dakota,10267.6,10321.3,10428.1,10535.2,11165,11324.8,11510.6,11566.4,11422,11509.8,11584.4,11674,12487.9,12460.1,12515.7,12726.6,12341,12549.5,12613.6,12778.4,13703.1,14331.2,14108,14120.7,13473.2,13619,13877.3,14115,14815.7,14973.3,15153.6,15367.6,14928.6,15079.4,15293.7,15787.4,16247.9,16495.4,16846.7,16902.8,16872.8,17019.2,17047.2,16905.7,17102.3,17161.7,17451.9,17762.2,18414.9,18783.5,19187.3,19449.4,19114.8,19383,19331.1,19812.3,20182.7,20617.7,20817.4,20995.9,21289.8,21625.7,21665,22071.1,23299.3,23634.2,24012.3,24912.3,26695.7,27463.8,27160.2,26718,26391,26510.9,26808.2,27249.3,28681.3,29509,30211.4,31121.5,32338.8,32978.3,34070.7,35276.4,37911.5,39309.7,40009.8,41953.9,39037.6,39871.3,40435.5,40389.8,41621.2,42944.2,43124.8,43588.3,171278.5
Ohio,204508.7,205233.8,208669.9,212295.2,216246.9,220920,222052.3,225586.2,226038.2,229421.5,230941.2,235064.6,237579.6,241764.5,244366.1,249516.7,251342.7,253800.3,256183,259078.3,261013.4,265867.1,269758,271950.2,277377.6,280357.6,284251.8,289249,294135.7,297350.6,300144.8,304752,304003.9,305788.7,308580.6,314943.8,320837,323337.7,327453.4,328282.1,334063,334641.1,333371.3,333573.6,333580.4,337620,340808.9,342944.1,344751.5,346803.3,348779.7,355099.5,354410.6,360231.3,364562.7,371085.7,366745.8,372101.9,375633.2,380676.5,387077.7,392233.2,395104.2,396852.6,407427.6,409020.6,410430.4,412104.7,419744.8,432518.8,424462.3,419601.6,412774.9,412403.3,410346.8,413350.9,416075.5,422751.1,429317.7,433302.9,446772.3,450312,456793.7,460503.7,464392.9,470769.4,469607.4,482045.7,474300.1,478700.9,480405.8,482948.1,488978.4,495656.8,502440.6,508502.4,1995578.2
Oklahoma,51756.5,52288.4,52857.3,53807.7,54960.2,55977.6,56532.4,56665.3,57852.1,57997,58153.4,58985.6,59464.3,60515.9,61057.3,62234.4,62476.6,63162.9,63684.8,64382.5,65721.4,67017.8,67813.6,68339.1,70296.2,70456.4,71126.1,72420,73854,74868.3,75329.5,75683,75686.2,76246.8,77228.9,78975,80852,82776.1,84391.5,86057.1,88051.9,88983.6,88691.8,89418,89937.9,90510.3,91056.5,91686.9,93566,94917.5,95725.7,97101.1,100654.4,102426.4,103789.9,105775.6,109719.8,111940.3,114076,116435,123893.4,125152.2,125764.1,126267,126550.9,128622,131201.7,132771.4,137572.3,145680.7,146311.1,147568.4,139287.5,133159.7,130611.3,131035.9,134481.2,139043.4,142352.6,144684.2,146534.3,149738.2,152468.8,154098.4,158498.4,160399.3,159915.6,165700.2,166557,169090,170278.7,171604.8,177006.5,180012.6,182222,182634.8,721875.9
Oregon,53436.5,54261.6,55023.9,55975,57064.7,58157.6,59125.3,59560.6,61537.4,62206,62649.9,63969.8,65081.2,66379.4,67567.9,69090.6,70094.9,71378.4,72811.6,74378.9,75590.4,77288.3,78595.5,79905.8,81042,81771.4,83257.7,84558.3,85994.6,86858.6,87554.9,88555.9,88589.8,89367,90587.6,92803.4,95081.5,96838.6,98601,98897.8,100578.5,100346.5,99744.4,99234.1,99734.8,100760.2,101207.4,102331.9,102705.9,103655.3,105434.7,107167.5,108252.8,110403.3,111271.7,112627.4,114159.2,115485.5,117337,119784.7,124838,126644.1,128316.7,129961.9,130943.1,132951.3,134232.3,136095.6,137541.6,142133.2,139974.8,137999.1,134653.9,134887.2,134043.3,134388.6,137182,137518.9,138721.4,139744,144228.4,144988.9,145549.1,147618,151746.2,153113.3,153043.1,156289.2,153959.7,155553.8,156891.3,158115.3,161893.8,165692.2,168960,171763.3,668309.3
Pennsylvania,238053,241278.4,243429.2,247504.5,252163.6,255447.1,256943.1,259654,261437.1,265122.5,267136,269461.9,269618.1,273487,276749.3,280725.1,283140.6,286286.3,289086.5,292192.1,295407.4,301339.7,304672,308083.3,311416.4,314991.2,318610.5,325062.5,328246.2,333872.9,336120.5,340730.3,343774.3,346694.2,350791.2,356281.7,365104.2,371046.7,377271.2,382464.4,387975.3,390122.1,389258.8,388923.2,392281.4,395426.4,397685.5,399523.7,404157.2,407538.9,412113.2,418075.8,424250.1,429976.3,437438.9,445038.2,442752,450612.9,456804.7,463023.2,467638.7,474169.8,479812.1,485479.8,496789.9,504463.4,510087.5,515818,519515.8,533347.2,527105.6,525192.4,510095.2,513057.9,510352.7,520039.2,523719.3,534636.5,542706.7,548066.3,556884,562855.3,568681.1,570361.2,579966.2,584913.1,586267.9,599516.7,587324.8,593783.8,594934.5,598685.3,606916.5,615423.8,623265.9,630711.3,2476317.5
Rhode Island,20445,20505.6,20673.8,20920,21150.6,21520.8,21725.7,21991.5,22165.8,22403.2,22775.5,22714.5,22846.5,23000.2,23048.4,23468.7,23837,24301.7,24558.7,24599.6,24707.4,25085.2,25263.7,25632.3,26058.7,26490.2,26685.3,27301,27866.3,28238.9,28603.4,28931.4,28999.2,29347.3,29890,30353,31244,31623.8,32284.3,32633.7,33422.6,33674.5,33586.9,33849.3,34411.6,34876.3,35124.4,35477.9,36158.4,36329.6,36938.7,37564.5,37842.7,38436.7,39041.7,39104.4,38839.1,39353.6,39603.7,40185.5,40484.1,41373.4,42036.2,42069.1,42998.5,43100.1,43335.8,43517.4,43695.3,44623.8,43710.7,43684.5,42223.4,42678.6,42829.7,43422.9,44032.6,45038.2,45514.5,45879.5,46028.2,46906,47048.8,47191.8,48133,48384.2,48260.7,49229,48251.6,48335.5,48634.3,48957.5,49783.2,50242.1,50818.3,51741.1,202584.7
South Carolina,57768.2,58400.3,59104.7,60298.1,61235.4,62478.2,63265,63795.5,64860.6,65618.8,66331.2,66821.3,68173.1,69470.9,70428.3,71564.7,72963.7,73734,74361.7,75309,76639.7,78515.2,79525,80487.8,82251.6,83015.6,84230.8,85963.4,87407.2,89187.3,90876.9,92256.3,92590.3,93575.5,95093.7,96555.5,98604.8,101026.1,101986.4,102938.1,104216.2,104650.9,104375.6,105241,105607.7,107405.7,108044.5,109148.5,109553.2,110327.7,111873.6,113684,114004.4,117062.2,119031.8,121290.8,122300.5,124222,125637.5,128038.1,132576.8,134200.9,135799.7,137512,140911.7,143751.5,144809.4,146516.3,147684.4,154183.8,150786.3,149417.5,146311.1,147184.7,146484.9,147697.4,149317.2,151826.1,153340.4,154438.5,158873.2,160660.5,161503,162032.7,167273.2,168656.2,168357.6,172453.6,169424.2,170525.2,172570.3,173949.2,177753.3,181911.4,184521.5,187144.4,731330.6
South Dakota,11649.8,11916.5,11959.1,12341.3,12659.7,12934.9,13075.9,13096.8,13352.5,13553.9,13471.8,13745.6,14438.8,14531.5,14528.5,14852.9,14573.7,14705.4,14959.8,15295.2,16221.9,16662,16428.8,16467.2,16584.3,16577.2,16978.6,17083.1,17749.9,17967.5,18095.1,18635.4,18460.6,18801.9,19013.8,19683.6,19734.4,20185.8,20495.7,20686.1,20848.2,20994.6,20989.8,20982.4,20626.6,20729.9,21064,21399.9,22440.6,22698.2,23004.2,23418.1,24337.7,24614.9,24645.7,25088.3,25727.3,26123.2,26368.6,26590.2,27230.7,27550.9,27718.1,28061.5,29786.5,30481.9,30823.8,31603.3,32973.2,33527,32757.5,32337.1,31485.4,31776.4,31926.9,32386.3,32906.6,33535.6,34319.8,34454,36396.2,36513.2,36877.4,37584.5,37939.7,38155.4,36471.6,38810.1,38379.9,38491.3,38423.1,38169.3,39393.6,40335.8,40446.3,40833.2,161008.9
Tennessee,84275,85351.7,86282.1,88126.8,91411.4,93749.3,94871.5,96179.4,98209.7,99335.6,100563.1,102258.8,103553.4,105493.8,107171.3,109767.9,112292,113617.2,114937.7,116612.5,117911.9,120234.1,121801.9,123248.2,125373.9,126610.3,128284.9,131543,136183.7,139609.5,140830,142965.8,142739.1,144361,145889.5,149079.1,151055.2,153240.7,156505,156713.2,157207.3,158811,158342.2,159178,160564.6,162687.8,163264.3,165252.8,166866.4,168684,171230.1,173860.6,175858.3,178884.2,181873.8,183845.2,184923.2,187733.3,190465.7,192893.1,197762.4,200706.9,201842.5,204989,206779.5,210370.2,211912.4,214885.6,217030.5,224022.3,218972.6,216083.9,215874.8,217458.9,216481.2,219059.5,222932.4,226932.4,229784,231883.1,237877.8,240428.4,243124.1,245040.2,250176.4,253854.7,253963.2,259888.3,255561.6,255990.8,256858.5,258604.5,262821.4,266253.1,268547.6,271532.9,1069155
Texas,304139.7,308826.5,313093.1,319422.3,327970.9,334863.2,339481.2,344268.8,350513.9,355115.7,356948.1,363019.2,366106,373306.7,378709.8,388331.8,393258,399961.6,405815.8,412185.6,420817.8,430021.9,437170.7,444649.1,457951.9,466937.3,477297.6,486526.6,502271.5,511132.2,520562.2,526620.4,534376.8,539533.4,546740.5,561022,578679.1,589208.5,600933.9,609042.5,632255.5,632792.6,631357.8,631557.1,632698.8,638269.1,642448,648110.5,653647.8,662392.4,670679.7,676724.7,683665.5,690975.3,702148.8,717548.1,734968.2,747827.7,764616.6,784462,814778.9,828892.6,836881.9,848614.8,859035.3,878286.2,890401.1,907518.8,939220.6,984415.8,978404.5,982163.9,939123.5,922290.1,913950.4,922011.7,955459.7,976997.7,996275.5,1011927.6,1055970.4,1071395.6,1087986.3,1094260.7,1133784.6,1147435.9,1143935.9,1185744.5,1161145.8,1179827,1192380.3,1206008.9,1242659.3,1268289.2,1287005.1,1300593.8,5098547.4
Utah,27092.9,27686.1,28089.6,28587.5,29310.7,29885.7,30521.1,30784.6,31856.3,32240.8,32589.3,33278.7,33982.4,34848.2,35448.4,36348.3,37152.7,37781.6,38535,39764,40424.6,41466,42248.6,42816.1,44164.9,44698.5,45607.5,46029.9,46994.7,47898.1,48656.1,49361.2,49733.7,50397.6,51220.7,52085,53079.4,54200,54853.9,55670,56519.1,56908.9,56984.4,57278.5,58196.8,58250.8,58615.7,59188.3,59829.4,60422.7,61210.6,62027.8,63037.3,64328.4,65335.2,66846.5,68445.4,70232.2,71926.7,73776.8,76751.8,78416.6,79748.2,81547.6,83600.6,86107.6,86671.7,88232.3,88896.9,92516.6,90878.8,89255.2,87268.4,87122.8,86278.8,86376.3,87832.8,88504,89913,91506.8,94586.3,95878.9,97049.1,97912.5,100978.9,102270,101873.8,106840.4,104333.2,105955.5,107138.4,107277.7,110039.9,111609.7,113223.5,115607.6,450480.7
Vermont,10318.9,10444.5,10532.5,10701.8,10968.8,11238.4,11358.4,11401.2,11526.6,11613.4,11757.6,11825.9,11954.1,12162.9,12296.5,12575.1,12695.4,12791.2,12985.6,13088.5,13377.1,13553.9,13671,13740.3,14046.4,14163.6,14356.8,14765.5,15072.9,15317.1,15566.2,15750.3,15931.2,16128.8,16435.5,16719.8,17206.1,17651.5,17749.9,18143,18696,18857.3,18786.7,18879.2,19016.7,19104.2,19228.8,19499.3,19564.4,19756.8,19992.4,20607,20558.1,21141,21343.4,21482.4,21373.5,21491.7,21696.3,22104.7,22708.6,22932.6,23177.9,23388.7,23856.4,24218,24421.8,24627.6,25313.9,25949.3,25622,25530.5,25175.3,25249,25281.3,25461.2,25550.5,26103.3,26388.2,26518.2,27233.8,27579.1,27785.2,28164.1,28214,28587.8,28334.1,29081.7,28613.5,28969.9,29021.5,29252.5,29405.1,29939.4,30475.9,30963.3,120783.7
Virginia,133016.5,134281.5,135449.4,137418.6,140327.4,142922.5,144897.1,146527.3,148905.8,150310.4,151428.8,153248.3,154770.5,158504.2,160128.3,162128.2,164652.2,166313.7,167670.4,169376.9,171371.7,174360.5,176770.3,178866.9,183373,185146.6,187927.7,190934.9,194387.8,198385.7,202158.5,205358,211351.6,211111.7,215286,220095.5,225503.9,230676.4,235074.4,238623.8,243553,246427.6,243857.6,245176.2,247134.9,250381.7,252884.4,255117.2,259533.2,263695.1,268994.7,274167.7,278059.5,281953.1,286802.8,293635,296384,302161.9,307434.9,311419.1,320639.1,324144.6,326307.7,329915.8,337151.4,342079.3,345165.9,347454.4,351590.1,360481,357796.2,356276.8,347426.8,350154.4,348927.3,351205.6,357710.2,364232.7,367811.4,371227.6,380593.8,383859.9,388666,390818.1,398734.9,401952.9,402135.2,413895.9,400197,401232.5,401336.7,403971,411129,417013.7,421932.2,427243.5,1677318.4
Washington,103503.5,105143,106892.1,109216.9,111993.2,113494.7,115136.5,118411.7,118323.6,120649.4,120934.7,122799.8,124123.5,126299.9,127174.1,129824,131439,133330.4,135228.4,136587.4,140512.1,143318.1,145545.7,147608.8,152037.7,154404.2,156186.4,159427.5,166489.5,169161.8,171879,173569.1,177373,176841.6,181742.2,187546.3,193112.5,192260.7,192843.9,195423,197851.2,200800,196484.8,196988,199640.2,199983.6,200760.4,203670.2,204422.3,208163.5,211341.7,212412.1,213979.5,218892.9,219611.1,246575.3,228382.8,231792.1,234398.6,241119.3,249364.9,253490,256072.6,261083.1,267444.9,275377.6,279620.3,284270.9,286721.3,294957,292378.7,287220.5,277874.8,278092.9,275599.8,277653.6,280621.4,284285.4,287300.3,290112.4,298324.2,299671,302675.8,307632.4,319431.3,324773.2,325372,337218.9,328722.9,331542.2,336183.4,338606.2,348896,356134.2,364020.1,369712.3,1438762.6
West Virginia,26897.2,27075.4,27331.7,27928.7,28642.6,29236.7,29707.9,30030.3,30268.2,30545,30492.4,30689.6,31288.4,31698.6,31954.7,32340.4,32628.3,32765.5,32920.1,33265,33579.4,34023,34493.6,34739.3,35205,35477.8,35701.6,36136.3,36676.1,37000.8,37340.2,37475,37714.7,37830.3,38196.2,38715,39459.5,40172.9,40519.5,41158.8,42309.6,42760.4,42756.5,43341.2,43753.5,44068.3,44413.5,44818.5,44451.5,44661.8,45149.4,45684.8,45649.6,46513.9,46929.2,47541,48120.6,48856.1,49357.7,50139.9,51461.1,52338.9,52767.5,53303,53601.1,54203.3,54723.6,55435,56328.6,59062.8,58505.2,58771.7,58284.6,58925.6,58412.2,58812.1,59466,60351.4,61473.5,61724.3,62998.6,64039.4,64753,65118.1,65490.9,66139.4,65552.5,66411.3,65517.2,65636.9,65479.4,65657.6,66405.1,67528.9,68169.4,68954.1,271057.5
Wisconsin,91981.2,93350.2,94453.8,96224.7,98584.3,101041.8,102185.9,103818.9,104569.5,106071.2,107140,109075,110396.4,112526.3,114301,116354,117691.4,118711.2,119804.5,121101.3,123309.7,125566.2,127245.9,128665.1,131018.9,132590.9,134569.5,137481.4,140082.3,142382.9,144315.5,146027.5,146287.4,147521.3,149559.3,152468.7,155605.9,158124.1,159955.5,161643.7,166056.5,166989,166530.4,167430.3,168606.1,170938.5,171420,173489.2,173582.2,174930,176508.8,179549.9,179677.5,182850,186002.8,188676.1,187695.2,189860.9,192842.2,193790.3,199603.6,201843,203878.6,205399.7,209702.6,211647.1,212553.8,214813.5,217261.5,223261.2,220755.3,219968.2,214077.8,216674.9,216667.4,218444.9,218280.1,221682.8,224249.7,227718,232625.9,234444.1,237874.4,236790.7,243324.5,245255.9,244138.5,252250.1,245126.1,247482.6,248871.3,249909.4,252761.5,257421.5,259671.8,263536.2,1033391
Wyoming,8471.6,8566.3,8679.3,8852.2,8987.3,9119.9,9171.1,9244.6,9559.7,9605.7,9643,9831.2,9883.4,10040.8,10137.8,10348,10441.7,10575.2,10628,10696.6,10833.8,11019.7,11175.3,11282.1,11676.5,11784.6,11962,12116.8,12290.6,12567.1,12800.1,12903.5,13241.3,13362.1,13596.3,13931.2,14239.6,14471.7,14646.9,15180.1,15254,15508.5,15553.2,15707.8,15730.5,15846.1,15942.1,16191.7,16446.9,16702.8,17138.7,17548,17881.8,18203.6,18475,18882.8,19582.6,20008.2,20401.4,21007.9,22236.4,23201.4,23747.5,23833.1,24033,24651.6,24848.6,25478.2,26642.4,27430.2,27500,27080.2,26112.3,24998.2,24414,24272.4,25491.3,26069.2,26717.1,27037.5,28201.8,28448.7,28946.9,29549.2,30517.8,31226.6,30746.5,32307.7,30923.8,31067,31258,31711.5,32605,33405.1,33915.9,34271.4,134197.4
